year,aspect,date,category,confidence,issue,note
2026,vespers-ownership,01-04,reference-error,confirmed,62,"The 2026 ordo p. 26 labels I of following, but Holy Name texts and collect with Vigil/Telesphorus commemorations support the current II Vespers of Holy Name. Personal endorsement confirmed by the maintainer on 2026-09-16 (recorded in #372). https://github.com/orthodoxwest/office/issues/62#issuecomment-5642675629"
2026,hours-preces,01-18,reference-error,confirmed,15,Current Double-commemoration suppression follows General Rubrics XXXVII.2 (Diurnal IV for Sundays); the ordo prints Preces. Retain the existing default. Personal endorsement confirmed by the maintainer on 2026-09-16 (recorded in #372). https://github.com/orthodoxwest/office/issues/15#issuecomment-5642675548
2026,hours-preces,01-25,reference-error,confirmed,15,Current Double-commemoration suppression follows General Rubrics XXXVII.2 (Diurnal IV for Sundays); the ordo prints Preces. Retain the existing default. Personal endorsement confirmed by the maintainer on 2026-09-16 (recorded in #372). https://github.com/orthodoxwest/office/issues/15#issuecomment-5642675548
2026,hours-preces,02-01,reference-error,confirmed,15,Current Double-commemoration suppression follows General Rubrics XXXVII.2 (Diurnal IV for Sundays); the ordo prints Preces. Retain the existing default. Personal endorsement confirmed by the maintainer on 2026-09-16 (recorded in #372). https://github.com/orthodoxwest/office/issues/15#issuecomment-5642675548
2026,vespers-commemorations,02-01,reference-error,confirmed,93,Diurnal X (p. xxx) and the analogous September 20 appointment support Sunday only at Purification I Vespers; retain omission of the displaced Ignatius. Personal endorsement confirmed by the maintainer on 2026-09-16 (recorded in #372). https://github.com/orthodoxwest/office/issues/93#issuecomment-5642675707
2026,hours-preces,02-07,reference-error,confirmed,15,Current Double-commemoration suppression follows General Rubrics XXXVII.2 (Diurnal IV for Sundays); the ordo prints Preces. Retain the existing default. Personal endorsement confirmed by the maintainer on 2026-09-16 (recorded in #372). https://github.com/orthodoxwest/office/issues/15#issuecomment-5642675548
2026,vespers-commemorations,02-23,open-question,confirmed,377,"Ordo omits following St Matthias at Chair of Peter II Vespers, contrary to General Rubrics XI.6, XIII.9, and XIV.5,7-9; the engine retains it. This is a source conflict awaiting clergy review, not an adjudicated ordo error."
2026,hours-preces,02-27,reference-error,confirmed,15,Current Double-commemoration suppression follows General Rubrics XXXVII.2 (Diurnal IV for Sundays); the ordo prints Preces. Retain the existing default. Personal endorsement confirmed by the maintainer on 2026-09-16 (recorded in #372). https://github.com/orthodoxwest/office/issues/15#issuecomment-5642675548
2026,hours-preces,03-06,reference-error,confirmed,15,Current Double-commemoration suppression follows General Rubrics XXXVII.2 (Diurnal IV for Sundays); the ordo prints Preces. Retain the existing default. Personal endorsement confirmed by the maintainer on 2026-09-16 (recorded in #372). https://github.com/orthodoxwest/office/issues/15#issuecomment-5642675548
2026,hours-preces,03-16,reference-error,confirmed,15,"The 2026 Hours line is 2025's for the same weekday, when St Gabriel's Greater Double suppressed the preces; Lauds was updated to Suff. but the Hours line kept No Preces. Plain Mondays after Lent III print Preces (2018, 2019, 2021, 2022). Issue closed at the maintainer's direction on 2026-09-28: https://github.com/orthodoxwest/office/issues/15#issuecomment-5881675806"
2026,hours-preces,03-17,reference-error,confirmed,15,Current Double-commemoration suppression follows General Rubrics XXXVII.2 (Diurnal IV for Sundays); the ordo prints Preces. Retain the existing default. Personal endorsement confirmed by the maintainer on 2026-09-16 (recorded in #372). https://github.com/orthodoxwest/office/issues/15#issuecomment-5642675548
2026,hours-preces,03-18,reference-error,confirmed,15,Current Double-commemoration suppression follows General Rubrics XXXVII.2 (Diurnal IV for Sundays); the ordo prints Preces. Retain the existing default. Personal endorsement confirmed by the maintainer on 2026-09-16 (recorded in #372). https://github.com/orthodoxwest/office/issues/15#issuecomment-5642675548
2026,hours-preces,03-20,reference-error,confirmed,15,Current Double-commemoration suppression follows General Rubrics XXXVII.2 (Diurnal IV for Sundays); the ordo prints Preces. Retain the existing default. Personal endorsement confirmed by the maintainer on 2026-09-16 (recorded in #372). https://github.com/orthodoxwest/office/issues/15#issuecomment-5642675548
2026,hours-preces,03-24,reference-error,confirmed,15,Current Double-commemoration suppression follows General Rubrics XXXVII.2 (Diurnal IV for Sundays); the ordo prints Preces. Retain the existing default. Personal endorsement confirmed by the maintainer on 2026-09-16 (recorded in #372). https://github.com/orthodoxwest/office/issues/15#issuecomment-5642675548
2026,hours-preces,03-27,reference-error,confirmed,15,Current Double-commemoration suppression follows General Rubrics XXXVII.2 (Diurnal IV for Sundays); the ordo prints Preces. Retain the existing default. Personal endorsement confirmed by the maintainer on 2026-09-16 (recorded in #372). https://github.com/orthodoxwest/office/issues/15#issuecomment-5642675548
2026,hours-preces,04-03,reference-error,confirmed,15,Current Double-commemoration suppression follows General Rubrics XXXVII.2 (Diurnal IV for Sundays); the ordo prints Preces. Retain the existing default. Personal endorsement confirmed by the maintainer on 2026-09-16 (recorded in #372). https://github.com/orthodoxwest/office/issues/15#issuecomment-5642675548
2026,hours-preces,04-04,reference-error,confirmed,15,Current Double-commemoration suppression follows General Rubrics XXXVII.2 (Diurnal IV for Sundays); the ordo prints Preces. Retain the existing default. Personal endorsement confirmed by the maintainer on 2026-09-16 (recorded in #372). https://github.com/orthodoxwest/office/issues/15#issuecomment-5642675548
2026,magnificat-antiphon,04-21,reference-error,confirmed,374,"The 2026 Tuesday line is 2024's Wednesday line (15 May 2024) with only the psalms changed; the one earlier free Tuesday after Low Sunday (2018) prints Reach hither thy finger, which Diurnal p. 376 assigns to Tuesday. Issue closed at the maintainer's direction on 2026-09-28: https://github.com/orthodoxwest/office/issues/374#issuecomment-5881677309"
2026,vespers-ownership,05-01,reference-error,confirmed,62,"The 2026 ordo p. 59 labels I of following, but red color, Philip and James texts/collect, and Athanasius commemoration support the current II Vespers of Philip and James. Personal endorsement confirmed by the maintainer on 2026-09-16 (recorded in #372). https://github.com/orthodoxwest/office/issues/62#issuecomment-5642675629"
2026,hours-preces,05-18,reference-error,confirmed,15,Current Double-commemoration suppression follows General Rubrics XXXVII.2 (Diurnal IV for Sundays); the ordo prints Preces. Retain the existing default. Personal endorsement confirmed by the maintainer on 2026-09-16 (recorded in #372). https://github.com/orthodoxwest/office/issues/15#issuecomment-5642675548
2026,magnificat-antiphon,06-19,suspected-reference-error,provisional,248,Diurnal V (p. xxvii) and Saturday BVM office (p. 68*) support Friday psalmody followed by Marian material from the chapter. Retain the current BVM Vespers appointment; this finding concerns Vespers only. The app appointment is personally confirmed; Father still describes the printed lines as suspected errata. Personal endorsement confirmed by the maintainer on 2026-09-16 (recorded in #372). https://github.com/orthodoxwest/office/issues/248#issuecomment-5642675790
2026,vespers-color,06-19,suspected-reference-error,provisional,248,Diurnal V (p. xxvii) and Saturday BVM office (p. 68*) support Friday psalmody followed by Marian material from the chapter. Retain the current BVM Vespers appointment; this finding concerns Vespers only. The app appointment is personally confirmed; Father still describes the printed lines as suspected errata. Personal endorsement confirmed by the maintainer on 2026-09-16 (recorded in #372). https://github.com/orthodoxwest/office/issues/248#issuecomment-5642675790
2026,vespers-suffrage,06-19,suspected-reference-error,provisional,248,Diurnal V (p. xxvii) and Saturday BVM office (p. 68*) support Friday psalmody followed by Marian material from the chapter. Retain the current BVM Vespers appointment; this finding concerns Vespers only. The app appointment is personally confirmed; Father still describes the printed lines as suspected errata. Personal endorsement confirmed by the maintainer on 2026-09-16 (recorded in #372). https://github.com/orthodoxwest/office/issues/248#issuecomment-5642675790
2026,hours-preces,06-28,reference-error,confirmed,15,"Current within-octave suppression follows Diurnal VII (p. xxviii), including Sundays; the ordo prints Preces. Retain the existing default. Personal endorsement confirmed by the maintainer on 2026-09-16 (recorded in #372). https://github.com/orthodoxwest/office/issues/15#issuecomment-5642675548"
2026,hours-preces,07-05,reference-error,confirmed,15,"Current within-octave suppression follows Diurnal VII (p. xxviii), including Sundays; the ordo prints Preces. Retain the existing default. Personal endorsement confirmed by the maintainer on 2026-09-16 (recorded in #372). https://github.com/orthodoxwest/office/issues/15#issuecomment-5642675548"
2026,magnificat-antiphon,07-10,suspected-reference-error,provisional,248,Diurnal V (p. xxvii) and Saturday BVM office (p. 68*) support Friday psalmody followed by Marian material from the chapter. Retain the current BVM Vespers appointment; this finding concerns Vespers only. The app appointment is personally confirmed; Father still describes the printed lines as suspected errata. Personal endorsement confirmed by the maintainer on 2026-09-16 (recorded in #372). https://github.com/orthodoxwest/office/issues/248#issuecomment-5642675790
2026,vespers-color,07-10,suspected-reference-error,provisional,248,Diurnal V (p. xxvii) and Saturday BVM office (p. 68*) support Friday psalmody followed by Marian material from the chapter. Retain the current BVM Vespers appointment; this finding concerns Vespers only. The app appointment is personally confirmed; Father still describes the printed lines as suspected errata. Personal endorsement confirmed by the maintainer on 2026-09-16 (recorded in #372). https://github.com/orthodoxwest/office/issues/248#issuecomment-5642675790
2026,lauds-commemorations,08-22,open-question,confirmed,381,"Ordo recognizes the anticipated Bartholomew vigil but omits its Lauds commemoration when impeded by the Assumption octave day, contrary to General Rubrics VI.2 and XIV.2,9. This is a source conflict awaiting clergy review, not an adjudicated ordo error."
2026,magnificat-antiphon,08-23,reference-error,confirmed,376,"Every ordo 2017–2025 prints They will deliver you up at St Bartholomew's I Vespers; the 2026 block is his II Vespers block, whose ownership label is already a confirmed slip (#62). Issue closed at the maintainer's direction on 2026-09-28: https://github.com/orthodoxwest/office/issues/376#issuecomment-5881678768"
2026,vespers-ownership,08-23,reference-error,confirmed,62,"The 2026 ordo p. 92 labels II of preceding, but red color, apostle texts, Bartholomew collect and Sunday commemoration support the current I Vespers of Bartholomew. The separate Magnificat difference remains open. Personal endorsement confirmed by the maintainer on 2026-09-16 (recorded in #372). https://github.com/orthodoxwest/office/issues/62#issuecomment-5642675629"
2026,vespers-ownership,08-29,open-question,confirmed,62,Confirmed 2026 direction to II Vespers of the current office with the following office commemorated awaits clarification of year-specific versus standing scope; preserve current behavior. https://github.com/orthodoxwest/office/issues/62#issuecomment-5642954260 Personal endorsement confirmed by the maintainer on 2026-09-16 (recorded in #372).
2026,hours-preces,09-16,reference-error,confirmed,15,Current Double-commemoration suppression follows General Rubrics XXXVII.2 (Diurnal IV for Sundays); the ordo prints Preces. Retain the existing default. Personal endorsement confirmed by the maintainer on 2026-09-16 (recorded in #372). https://github.com/orthodoxwest/office/issues/15#issuecomment-5642675548
2026,hours-preces,09-19,reference-error,confirmed,15,Current Double-commemoration suppression follows General Rubrics XXXVII.2 (Diurnal IV for Sundays); the ordo prints Preces. Retain the existing default. Personal endorsement confirmed by the maintainer on 2026-09-16 (recorded in #372). https://github.com/orthodoxwest/office/issues/15#issuecomment-5642675548
2026,hours-preces,09-20,reference-error,confirmed,15,Current Double-commemoration suppression follows General Rubrics XXXVII.2 (Diurnal IV for Sundays); the ordo prints Preces. Retain the existing default. Personal endorsement confirmed by the maintainer on 2026-09-16 (recorded in #372). https://github.com/orthodoxwest/office/issues/15#issuecomment-5642675548
2026,hours-preces,11-08,reference-error,confirmed,15,"Current within-octave suppression follows Diurnal VII (p. xxviii), including Sundays; the ordo prints Preces. Retain the existing default. Personal endorsement confirmed by the maintainer on 2026-09-16 (recorded in #372). https://github.com/orthodoxwest/office/issues/15#issuecomment-5642675548"
2026,hours-preces,11-22,reference-error,confirmed,15,Current Double-commemoration suppression follows General Rubrics XXXVII.2 (Diurnal IV for Sundays); the ordo prints Preces. Retain the existing default. Personal endorsement confirmed by the maintainer on 2026-09-16 (recorded in #372). https://github.com/orthodoxwest/office/issues/15#issuecomment-5642675548
2026,hours-preces,12-06,reference-error,confirmed,15,Current Double-commemoration suppression follows General Rubrics XXXVII.2 (Diurnal IV for Sundays); the ordo prints Preces. Retain the existing default. Personal endorsement confirmed by the maintainer on 2026-09-16 (recorded in #372). https://github.com/orthodoxwest/office/issues/15#issuecomment-5642675548
2026,hours-preces,12-13,reference-error,confirmed,15,"Current within-octave suppression follows Diurnal VII (p. xxviii), including Sundays; the ordo prints Preces. Retain the existing default. Personal endorsement confirmed by the maintainer on 2026-09-16 (recorded in #372). https://github.com/orthodoxwest/office/issues/15#issuecomment-5642675548"
2026,hours-preces,12-18,reference-error,confirmed,15,Current Double-commemoration suppression follows General Rubrics XXXVII.2 (Diurnal IV for Sundays); the ordo prints Preces. Retain the existing default. Personal endorsement confirmed by the maintainer on 2026-09-16 (recorded in #372). https://github.com/orthodoxwest/office/issues/15#issuecomment-5642675548
2026,magnificat-antiphon,02-23,translation-mismatch,confirmed,20,"The ordo p. 40 incipit While he was High Priest differs from During his pontificate in the locally supplied Chair of Peter supplement (II Vespers, final page) and parish Vespers book p. 300. The current text matches the supplied supplement; this is a wording variant, not evidence of a different appointment."
2026,magnificat-antiphon,04-01,reference-error,confirmed,373,"The 2026 Vespers line is 2024's Wednesday in Passion Week line (24 April 2024, before St Mark, collect p. 513), repeated in 2025; 2 April 2026 is a Passiontide feria. Issue closed at the maintainer's direction on 2026-09-28: https://github.com/orthodoxwest/office/issues/373#issuecomment-5881676865"
2026,magnificat-antiphon,09-04,reference-error,confirmed,20,"Ordo p. 95 prints Whosever; its cited Diurnal p. 23* prints Whosoever will come after me, matching the current Common of One Martyr II Vespers antiphon. Spelling-only reference error; no appointment change."
2026,magnificat-antiphon,09-18,reference-error,confirmed,375,"The 2026 Ember Friday Vespers repeats the Thursday 17 September line. Other years give Friday Vespers, He hath put down (Diurnal p. 140), with the following saints commemorated (2017, 2021–2023); the Januarius Double suppresses the suffrage. Issue closed at the maintainer's direction on 2026-09-28: https://github.com/orthodoxwest/office/issues/375#issuecomment-5881677840"
2026,magnificat-antiphon,08-29,open-question,confirmed,62,Downstream of the unresolved I versus II Vespers ownership finding on this date (#62); the alternative antiphon belongs to the alternative office. Preserve the current appointment until ownership and scope are settled; this is not a standalone wording repair.
2026,vespers-color,01-14,reference-error,confirmed,415,"Ordo p. 29: the color letter follows a template carry-over (Transfiguration I Vespers, for one, is W 2017–2022 and G from 2023); the named office or the entry's Mass color agrees with the app. Issue closed at the maintainer's direction on 2026-09-28: https://github.com/orthodoxwest/office/issues/415#issuecomment-5881679899"
2026,vespers-color,01-21,reference-error,confirmed,415,"Ordo p. 31: the color letter follows a template carry-over (Transfiguration I Vespers, for one, is W 2017–2022 and G from 2023); the named office or the entry's Mass color agrees with the app. Issue closed at the maintainer's direction on 2026-09-28: https://github.com/orthodoxwest/office/issues/415#issuecomment-5881679899"
2026,lauds-color,02-14,reference-error,confirmed,415,"Ordo p. 37: the color letter follows a template carry-over (Transfiguration I Vespers, for one, is W 2017–2022 and G from 2023); the named office or the entry's Mass color agrees with the app. Issue closed at the maintainer's direction on 2026-09-28: https://github.com/orthodoxwest/office/issues/415#issuecomment-5881679899"
2026,vespers-color,02-25,reference-error,confirmed,415,"Ordo p. 41: the color letter follows a template carry-over (Transfiguration I Vespers, for one, is W 2017–2022 and G from 2023); the named office or the entry's Mass color agrees with the app. Issue closed at the maintainer's direction on 2026-09-28: https://github.com/orthodoxwest/office/issues/415#issuecomment-5881679899"
2026,lauds-color,05-02,reference-error,confirmed,415,"Ordo p. 59: the color letter follows a template carry-over (Transfiguration I Vespers, for one, is W 2017–2022 and G from 2023); the named office or the entry's Mass color agrees with the app. Issue closed at the maintainer's direction on 2026-09-28: https://github.com/orthodoxwest/office/issues/415#issuecomment-5881679899"
2026,lauds-color,07-24,reference-error,confirmed,415,"Ordo p. 83: the color letter follows a template carry-over (Transfiguration I Vespers, for one, is W 2017–2022 and G from 2023); the named office or the entry's Mass color agrees with the app. Issue closed at the maintainer's direction on 2026-09-28: https://github.com/orthodoxwest/office/issues/415#issuecomment-5881679899"
2026,vespers-color,07-29,reference-error,confirmed,415,"Ordo p. 85: the color letter follows a template carry-over (Transfiguration I Vespers, for one, is W 2017–2022 and G from 2023); the named office or the entry's Mass color agrees with the app. Issue closed at the maintainer's direction on 2026-09-28: https://github.com/orthodoxwest/office/issues/415#issuecomment-5881679899"
2026,vespers-color,08-05,reference-error,confirmed,415,"Ordo p. 86: the color letter follows a template carry-over (Transfiguration I Vespers, for one, is W 2017–2022 and G from 2023); the named office or the entry's Mass color agrees with the app. Issue closed at the maintainer's direction on 2026-09-28: https://github.com/orthodoxwest/office/issues/415#issuecomment-5881679899"
2026,vespers-color,08-13,reference-error,confirmed,415,"Ordo p. 89: the color letter follows a template carry-over (Transfiguration I Vespers, for one, is W 2017–2022 and G from 2023); the named office or the entry's Mass color agrees with the app. Issue closed at the maintainer's direction on 2026-09-28: https://github.com/orthodoxwest/office/issues/415#issuecomment-5881679899"
2026,lauds-color,08-28,reference-error,confirmed,415,"Ordo p. 93: the color letter follows a template carry-over (Transfiguration I Vespers, for one, is W 2017–2022 and G from 2023); the named office or the entry's Mass color agrees with the app. Issue closed at the maintainer's direction on 2026-09-28: https://github.com/orthodoxwest/office/issues/415#issuecomment-5881679899"
2026,vespers-color,08-28,reference-error,confirmed,415,"Ordo p. 93: the color letter follows a template carry-over (Transfiguration I Vespers, for one, is W 2017–2022 and G from 2023); the named office or the entry's Mass color agrees with the app. Issue closed at the maintainer's direction on 2026-09-28: https://github.com/orthodoxwest/office/issues/415#issuecomment-5881679899"
2026,vespers-color,09-30,reference-error,confirmed,415,"Ordo p. 102: the color letter follows a template carry-over (Transfiguration I Vespers, for one, is W 2017–2022 and G from 2023); the named office or the entry's Mass color agrees with the app. Issue closed at the maintainer's direction on 2026-09-28: https://github.com/orthodoxwest/office/issues/415#issuecomment-5881679899"
2026,vespers-color,10-05,reference-error,confirmed,415,"Ordo p. 104: the color letter follows a template carry-over (Transfiguration I Vespers, for one, is W 2017–2022 and G from 2023); the named office or the entry's Mass color agrees with the app. Issue closed at the maintainer's direction on 2026-09-28: https://github.com/orthodoxwest/office/issues/415#issuecomment-5881679899"
2026,vespers-color,10-07,reference-error,confirmed,415,"Ordo p. 104: the color letter follows a template carry-over (Transfiguration I Vespers, for one, is W 2017–2022 and G from 2023); the named office or the entry's Mass color agrees with the app. Issue closed at the maintainer's direction on 2026-09-28: https://github.com/orthodoxwest/office/issues/415#issuecomment-5881679899"
2026,vespers-color,11-11,reference-error,confirmed,415,"Ordo p. 115: the color letter follows a template carry-over (Transfiguration I Vespers, for one, is W 2017–2022 and G from 2023); the named office or the entry's Mass color agrees with the app. Issue closed at the maintainer's direction on 2026-09-28: https://github.com/orthodoxwest/office/issues/415#issuecomment-5881679899"
2026,vespers-color,11-20,reference-error,confirmed,415,"Ordo p. 117: the color letter follows a template carry-over (Transfiguration I Vespers, for one, is W 2017–2022 and G from 2023); the named office or the entry's Mass color agrees with the app. Issue closed at the maintainer's direction on 2026-09-28: https://github.com/orthodoxwest/office/issues/415#issuecomment-5881679899"
2026,vespers-color,12-05,reference-error,confirmed,415,"Ordo p. 121: the color letter follows a template carry-over (Transfiguration I Vespers, for one, is W 2017–2022 and G from 2023); the named office or the entry's Mass color agrees with the app. Issue closed at the maintainer's direction on 2026-09-28: https://github.com/orthodoxwest/office/issues/415#issuecomment-5881679899"
2026,lauds-suffrage,06-19,reference-error,confirmed,416,"Ordo p. 73 omits the suffrage on a green feria with only the Gervase/Protase Memorial. 2018, the one year set up the same way, prints Suff.; No Suff. appears only in years that kept the Friday feast (2021–2025), and General Rubrics XXXVIII.1 gives no suppression. Issue closed at the maintainer's direction on 2026-09-28: https://github.com/orthodoxwest/office/issues/416#issuecomment-5881680452"
2026,vespers-suffrage,03-06,reference-error,confirmed,419,"The 2026 Vespers line is 2025's Ember Friday line with the Perpetua & Felicitas commemoration inserted and Suff. left in; the same ordo drops the suffrage with that commemoration at Lauds and on 5 March, as General Rubrics XXXVIII.1 directs. Issue closed at the maintainer's direction on 2026-09-28: https://github.com/orthodoxwest/office/issues/419#issuecomment-5881680974"
2026,lauds-suffrage,09-20,reference-error,confirmed,15,Ordo p. 100 prints Suff. with Eustace Double on Sunday; the personally confirmed Sunday Double-commemoration ruling explicitly suppresses both preces and suffrage. https://github.com/orthodoxwest/office/issues/15#issuecomment-5642675548
2026,vespers-suffrage,02-27,reference-error,confirmed,418,"The printed Vespers line is copied from a year with no saint that day (27 Feb: the 2024 and 2025 Friday-after-Ash-Wednesday line; 16 Sep: 2025's Ember Wednesday line). Ordos that print this situation commemorate the simplified Double at Vespers (Raphael and Januarius in 2018; St Patrick in every year), as full Rubrics XIV.9 directs, and the suffrage then gives way. Issue closed at the maintainer's direction on 2026-09-28: https://github.com/orthodoxwest/office/issues/418#issuecomment-5882415886"
2026,vespers-commemorations,02-27,reference-error,confirmed,418,"The printed Vespers line is copied from a year with no saint that day (27 Feb: the 2024 and 2025 Friday-after-Ash-Wednesday line; 16 Sep: 2025's Ember Wednesday line). Ordos that print this situation commemorate the simplified Double at Vespers (Raphael and Januarius in 2018; St Patrick in every year), as full Rubrics XIV.9 directs, and the suffrage then gives way. Issue closed at the maintainer's direction on 2026-09-28: https://github.com/orthodoxwest/office/issues/418#issuecomment-5882415886"
2026,vespers-suffrage,09-16,reference-error,confirmed,418,"The printed Vespers line is copied from a year with no saint that day (27 Feb: the 2024 and 2025 Friday-after-Ash-Wednesday line; 16 Sep: 2025's Ember Wednesday line). Ordos that print this situation commemorate the simplified Double at Vespers (Raphael and Januarius in 2018; St Patrick in every year), as full Rubrics XIV.9 directs, and the suffrage then gives way. Issue closed at the maintainer's direction on 2026-09-28: https://github.com/orthodoxwest/office/issues/418#issuecomment-5882415886"
2026,vespers-commemorations,09-16,reference-error,confirmed,418,"The printed Vespers line is copied from a year with no saint that day (27 Feb: the 2024 and 2025 Friday-after-Ash-Wednesday line; 16 Sep: 2025's Ember Wednesday line). Ordos that print this situation commemorate the simplified Double at Vespers (Raphael and Januarius in 2018; St Patrick in every year), as full Rubrics XIV.9 directs, and the suffrage then gives way. Issue closed at the maintainer's direction on 2026-09-28: https://github.com/orthodoxwest/office/issues/418#issuecomment-5882415886"
2026,vespers-suffrage,09-18,reference-error,confirmed,375,"The 2026 Ember Friday Vespers repeats the Thursday 17 September line. Other years give Friday Vespers, He hath put down (Diurnal p. 140), with the following saints commemorated (2017, 2021–2023); the Januarius Double suppresses the suffrage. Issue closed at the maintainer's direction on 2026-09-28: https://github.com/orthodoxwest/office/issues/375#issuecomment-5881677840"
2026,vespers-commemorations,09-18,reference-error,confirmed,375,"The 2026 Ember Friday Vespers repeats the Thursday 17 September line. Other years give Friday Vespers, He hath put down (Diurnal p. 140), with the following saints commemorated (2017, 2021–2023); the Januarius Double suppresses the suffrage. Issue closed at the maintainer's direction on 2026-09-28: https://github.com/orthodoxwest/office/issues/375#issuecomment-5881677840"
2026,vespers-color,04-01,reference-error,confirmed,373,"The 2026 Vespers line is 2024's Wednesday in Passion Week line (24 April 2024, before St Mark, collect p. 513), repeated in 2025; 2 April 2026 is a Passiontide feria. Issue closed at the maintainer's direction on 2026-09-28: https://github.com/orthodoxwest/office/issues/373#issuecomment-5881676865"
2026,vespers-ownership,04-01,reference-error,confirmed,373,"The 2026 Vespers line is 2024's Wednesday in Passion Week line (24 April 2024, before St Mark, collect p. 513), repeated in 2025; 2 April 2026 is a Passiontide feria. Issue closed at the maintainer's direction on 2026-09-28: https://github.com/orthodoxwest/office/issues/373#issuecomment-5881676865"
2026,vespers-color,08-29,open-question,confirmed,62,Color follows the disputed I/II-Vespers ownership; resolve the confirmed direction's standing versus year-specific scope before changing the Office.
2026,vespers-commemorations,08-29,open-question,confirmed,62,The commemoration list follows the disputed I/II-Vespers ownership; preserve pending the standing versus year-specific scope ruling.
2026,lauds-suffrage,10-31,reference-error,confirmed,471,"Diurnal p. 636: At Lauds the Suffrage of All Saints is not said. The 2017–2019 ordos print No Suff.; Suff. first appears in 2021, when the vigil was anticipated to Saturday, and is carried forward through 2026. The app follows the Diurnal."
2026,vespers-commemorations,04-01,reference-error,confirmed,373,"The Comm. Fer. belongs to the same copied apostolic I Vespers line (2024's Wednesday in Passion Week, before St Mark) that #373 closed as a reference error; 2 April 2026 is a Passiontide feria with nothing to commemorate at its Vespers. https://github.com/orthodoxwest/office/issues/373#issuecomment-5881676865"
2026,lauds-commemorations,07-17,suspected-reference-error,provisional,,"The 2026 ordo p. 81 commemorates Anacletus (Martyr antiphon He that hateth 1*, collect O God 22*) at Lauds of Friday 17 July, repeating its own 13 July line (p. 80) word for word. The same day's heading lists St Alexius, Confessor, the Mass has 2 CSP Alexius, and the 16 July Vespers commemorates Alexius. The app commemorates Alexius."
2026,lauds-commemorations,09-21,suspected-reference-error,provisional,,"The 2026 ordo p. 100 commemorates Ember (Give light 80, collect 426, Mass 2 CSP Ember) on Monday 21 September, but its own Tabula Temporaria (p. 4) lists the autumn Ember days as 16, 18 and 19 September. A Monday is never an Ember day; the line is carried from an earlier year's St Matthew. The app has no commemoration."
2026,vespers-commemorations,09-25,suspected-reference-error,provisional,,"The 2026 ordo p. 101 commemorates Cosmas &c. (For theirs 2*, collect 607) at I Vespers of the Saturday Office on Friday 25 September; Cosmas & Damian are 27 September. Saturday 26 September lists Ss Cyprian & Justina and its Lauds commemorates them, as the app does at this Vespers. The identical line recurs on 9 October."
2026,vespers-commemorations,10-09,suspected-reference-error,provisional,,"The 2026 ordo p. 105 repeats the 25 September line (Comm. Cosmas &c., collect 607) at I Vespers of the Saturday Office on Friday 9 October. Saturday 10 October lists no saint and its Lauds prints No Comm.; the app has no commemoration."
2026,vespers-commemorations,11-20,suspected-reference-error,provisional,,"The 2026 ordo p. 117 names Edward, but the texts are St Edmund's (Whosoever 2*, collect p. 664, the collect of the day's own office). The 2017-2019 and 2022 ordos print Edmund in the same line; Edward first appears in 2024 and carries over to 2025 and 2026. The app commemorates St Edmund."
2026,vespers-commemorations,05-13,suspected-reference-error,provisional,,"The 2026 ordo p. 63 heads 14 May with St Boniface of Tarsus (M) but prints No Comm. at the 13 May Vespers and 14 May Lauds; Rubrics IX.2-3 and XIV.9 commemorate a Memorial at I Vespers and Lauds of a feria, with no Paschaltide exception. 2017-2019, 2021-2023 and 2025 commemorate Boniface. The 14 May Lauds line is 2024's 6 June feria word for word."
2026,lauds-commemorations,05-14,suspected-reference-error,provisional,,"See 2026 vespers-commemorations 05-13: the 2026 ordo p. 63 lists St Boniface of Tarsus (M) but prints No Comm.; older ordos and Rubrics IX.2-3 commemorate him, as the app does."
2026,lauds-commemorations,05-19,suspected-reference-error,provisional,,"The 2026 ordo p. 64 commemorates St Pudentiana at the 18 May Vespers but prints No Comm. at the 19 May Lauds, under a heading that lists her (M). The line is 2023's 23 May Rogation Tuesday word for word, Mass 2 CSP Rogation Mon. included. 2017, 2022, 2023 and 2025 commemorate her at Lauds; 2022 also commemorates Petronilla on Rogation Tuesday. Rubrics IX.2-3, XIV.9."
2026,vespers-commemorations,05-29,suspected-reference-error,provisional,,"The 2026 ordo p. 67 heads 30 May (Vigil of Pentecost) with St Felix I (M) but prints No Comm. at the 29 May Vespers and 30 May Lauds. Felix I is commemorated in every ordo 2017-2025, and Memorials on the Vigil of Pentecost are commemorated in 2018, 2019, 2021 and 2024. The lines are 2025's 6-7 June word for word. Rubrics IX.2, XIV.9."
2026,lauds-commemorations,05-30,suspected-reference-error,provisional,,"See 2026 vespers-commemorations 05-29: the 2026 ordo p. 67 lists St Felix I (M) on the Vigil of Pentecost but prints No Comm.; every ordo 2017-2025 commemorates him, as the app does."
2026,vespers-commemorations,07-18,suspected-reference-error,provisional,,"The 2026 ordo p. 81 gives I Vespers of the VII Sunday after Pentecost on Saturday 18 July with Comm. Seraphim / / No Suff.; the empty slot between the slashes suggests a dropped entry. Rubrics XIII.3 commemorate the concurring Double (the Translation of St Raphael, D) at the Sunday's I Vespers, and the 2021-2026 ordos do so for Saturday Doubles (2026: Anthony, Timothy, Athanasius, Gregory Nazianzen). The app commemorates Raphael, then Seraphim."
2026,lauds-commemorations,04-25,open-question,provisional,573,"The 2026 ordo p. 57 commemorates St George's octave at Lauds of St Mark (D2). XIV.4 excludes a day within a non-privileged octave on a Double I or II Class, and 2017, 2018, 2023 and 2025 print No Comm. The app follows XIV.4 as the likeliest ruling; the issue stays open until clergy rule."
2026,vespers-commemorations,04-25,open-question,provisional,573,"The 2026 ordo p. 57 commemorates St George's octave at II Vespers of St Mark (D2), as 2025 did when Mark was transferred to the eve of the Octave Day. XIV.4 and XIV.8 exclude a day within a non-privileged octave on a II Class Double, and the 2017 and 2018 ordos print No Comm. The app follows XIV.8 pending the ruling."
2026,vespers-commemorations,12-17,open-question,provisional,574,"Expectation of the B.V.M. on Ember Friday: the 2026 ordo p. 125 lists it but prints No Comm., as does 2024; 2019 and 2021 commemorate it on an Ember day, as the app does (XIV.8)."
2026,lauds-commemorations,12-18,open-question,provisional,574,See 2026 vespers-commemorations 12-17.
2026,vespers-commemorations,12-18,open-question,provisional,574,See 2026 vespers-commemorations 12-17.
2026,vespers-commemorations,06-25,open-question,provisional,559,The missing Oct. ('Thy rebuke' 529; Col. 531) is I Vespers of the optional Compassion's octave day.
2026,lauds-commemorations,06-26,open-question,provisional,559,The missing Compassion ('He was wounded' & Col. 531) is the optional Compassion's octave day.
2026,vespers-commemorations,09-04,suspected-reference-error,provisional,,"The 2026 ordo p. 95 prints No Comm. at II Vespers of St Gorazd (D, Friday 4 September) before Saturday's Office of St Mary. Rubrics XIII.12 commemorate St Mary on Saturday when a Double concurs with her Office, and the same ordo does so at II Vespers of the Guardian Angels on Friday 2 October (p. 103, Comm. BVM 'O blessed Mother' 68*). The app commemorates the Saturday Office."
2026,vespers-commemorations,01-03,open-question,provisional,390,"The ordo keeps the Innocents' octave day and St Titus at I Vespers of the Holy Name (D2). Diurnal §X and XIV.8-9 exclude Simple Octave Days and Memorials there, and item 2 of the #138 ruling omits the Memorial at Vespers of a Double II Class; the 2026 line repeats 2021's 3 January line, which was the Holy Name's II Vespers. Held open under #390 until clergy confirm."
2026,vespers-commemorations,07-24,open-question,provisional,390,"The ordo keeps St Christopher (M) at I Vespers of St James (D2). Diurnal §VIII and §X and item 2 of the #138 ruling omit the Memorial at Vespers of a Double II Class, as the same ordo does on 2 May, 1 July, 5 August and 14 September; the line is printed alike every year but 2024 (No Comm.). Held open under #390 until clergy confirm."
2026,vespers-commemorations,09-07,open-question,provisional,390,"The ordo keeps St Hadrian (M) at I Vespers of the Nativity of the BVM (D2). Diurnal §VIII and §X and item 2 of the #138 ruling omit the Memorial at Vespers of a Double II Class, as the same ordo does on 2 May, 1 July, 5 August and 14 September; the line is 2023's word for word, and 2017-2018 print No Comm. Held open under #390 until clergy confirm."
2026,fast,10-30,suspected-reference-error,provisional,,"The 2026 ordo p. 111 marks Friday 30 October L§ (abstinence and fast) and the Vigil of All Saints on Saturday 31 October §. No other ordo (2017-2019, 2021-2025) fasts on 30 October unless the vigil itself is kept that day (2021, anticipated from Sunday), and the same 2026 ordo does not move the Saturday Vigil of Pentecost's fast to Friday 29 May. The app fasts on the vigil only; 30 October keeps its Friday abstinence."
2025,lauds-commemoration-antiphon,11-29,open-question,provisional,610,"The ordo gives St Saturninus (one Martyr) The very hairs, the Common of Many Martyrs (2*), at Lauds, as 2023-2024 do; 2017-2022 print the one-Martyr He that hateth. The app keeps the one-Martyr Common until clergy rule."
2026,vespers-commemoration-antiphon,11-28,open-question,provisional,610,"The ordo p. 119 gives St Saturninus The very hairs (2*) at I Vespers of Advent I, apparently copied from the Lauds line beside it; every earlier ordo prints the one-Martyr This is a Martyr. The app keeps the one-Martyr Common until clergy rule."
2026,lauds-commemoration-antiphon,11-29,open-question,provisional,610,"The ordo p. 120 gives St Saturninus (one Martyr) The very hairs, the Common of Many Martyrs (2*), at Lauds, as 2023-2025 do; 2017-2022 print the one-Martyr He that hateth. The app keeps the one-Martyr Common until clergy rule."
