key,content_hash,disposition,reason,issue
commons/holy-woman-paschal/psalm-antiphon-4,79fdada64859,dormant-policy,Current Paschal Holy Women Memorials do not select this full-office psalm antiphon,
commons/holy-woman-paschal/psalm-antiphon-5,3a12a2a32b92,dormant-policy,Current Paschal Holy Women Memorials do not select this full-office psalm antiphon,
commons/martyrs-paschal/hymn-lauds,6c124895fd56,dormant-policy,No many-martyr celebration selects this Paschaltide common hymn in the standard sweep,
commons/virgin-martyr-paschal/short-responsory-lauds,72802d9219ef,dormant-policy,No virgin-martyr celebration selects this Paschaltide common responsory in the standard sweep,
proper/advent-sunday-2/benedictus-antiphon-friday,066976d5b875,displaced,Every matching feria is won by a sanctoral or Advent Ember office in the standard sweep,
proper/advent-sunday-2/benedictus-antiphon-thursday,d3ec82bc879e,displaced,Every matching feria is won by a sanctoral or Advent Ember office in the standard sweep,
proper/advent-sunday-2/benedictus-antiphon-tuesday,016d6e054eb4,displaced,Every matching feria is won by a sanctoral or Advent Ember office in the standard sweep,
proper/advent-sunday-2/benedictus-antiphon-wednesday,06ba12bcb704,displaced,Every matching feria is won by a sanctoral or Advent Ember office in the standard sweep,
proper/advent-sunday-2/magnificat-antiphon-friday,a54b7bc8eb3c,displaced,Every matching Vespers is won by a feast or date-fixed Advent antiphon in the standard sweep,
proper/advent-sunday-2/magnificat-antiphon-monday,0f9f80c6a168,displaced,Every matching Vespers is won by a feast or date-fixed Advent antiphon in the standard sweep,
proper/advent-sunday-2/magnificat-antiphon-thursday,55e2a3082df3,displaced,Every matching Vespers is won by a feast or date-fixed Advent antiphon in the standard sweep,
proper/advent-sunday-2/magnificat-antiphon-tuesday,9e706a6c6e03,displaced,Every matching Vespers is won by a feast or date-fixed Advent antiphon in the standard sweep,
proper/advent-sunday-2/magnificat-antiphon-wednesday,8fcb91e0d931,displaced,Every matching Vespers is won by a feast or date-fixed Advent antiphon in the standard sweep,
proper/christ-the-king/commemoration-versicle,4b3501b1096a,dormant-policy,This first-class Sunday feast is not reduced to a commemoration under current occurrence policy,
proper/commemoration-st-paul-apostle/magnificat-antiphon-first,4212e7b3b8f9,displaced,First Vespers on June 29 is displaced by second Vespers of Ss Peter and Paul,
proper/commemoration-st-peter-apostle/magnificat-antiphon-first,4212e7b3b8f9,displaced,This companion commemoration has no first Vespers and the June 29 boundary belongs to Ss Peter and Paul,
proper/easter-sunday-2/benedictus-antiphon-wednesday,d49dcb88b715,displaced,The Wednesday office is the moveable Solemnity of St Joseph under current policy,
proper/easter-sunday-2/magnificat-antiphon-tuesday,81c6bfbb7be3,displaced,Tuesday Vespers is first Vespers of the moveable Solemnity of St Joseph,
proper/easter-sunday-2/magnificat-antiphon-wednesday,06248be6d906,displaced,The Wednesday office is the moveable Solemnity of St Joseph under current policy,
proper/easter-sunday-5/benedictus-antiphon-wednesday,999a70066855,displaced,The Vigil of the Ascension owns the matching Wednesday office,
proper/epiphany-sunday-1/benedictus-antiphon,116ac4d63dd8,suppressed,The first Sunday after Epiphany is always within the Epiphany octave whose office owns the day,
proper/epiphany-sunday-1/magnificat-antiphon,774058796332,suppressed,The first Sunday after Epiphany is always within the Epiphany octave whose office owns the day,
proper/historia-october-5/magnificat-antiphon-first,f406d0f9bfdf,displaced,"October has a fifth historia week only when October 1 falls on a Monday, Tuesday or Wednesday, and that week's Sunday is then the last Sunday of October, whose I Vespers always belong to Christ the King",
proper/holy-innocents/magnificat-antiphon-first,4bc6a32f5db3,displaced,The fixed December 27 boundary is owned by second Vespers of St John,
proper/lent-sunday-1/benedictus-antiphon-friday,143daea79035,displaced,Lent Ember Friday has its own proper and displaces the weekly variant,
proper/lent-sunday-1/benedictus-antiphon-saturday,00051a0aac52,displaced,Lent Ember Saturday has its own proper and displaces the weekly variant,
proper/lent-sunday-1/benedictus-antiphon-wednesday,cf6a80126385,displaced,Lent Ember Wednesday has its own proper and displaces the weekly variant,
proper/lent-sunday-1/magnificat-antiphon-friday,73a15aad6fa4,displaced,Lent Ember Friday has its own proper and displaces the weekly variant,
proper/lent-sunday-1/magnificat-antiphon-wednesday,2adc64480d9f,displaced,Lent Ember Wednesday has its own proper and displaces the weekly variant,
proper/low-sunday/benedictus-antiphon-monday,30034cb4c2ea,displaced,The local first-class St Tikhon office owns Monday after Low Sunday,
proper/low-sunday/magnificat-antiphon,5f813749d521,displaced,First Vespers of the local first-class St Tikhon office always owns Low Sunday evening,
proper/low-sunday/magnificat-antiphon-monday,29ffa8deff0e,displaced,The local first-class St Tikhon office owns Monday after Low Sunday,
proper/nativity-bvm/commemoration-antiphon,5b50e26f7e18,dormant-policy,This second-class fixed feast is not reduced to a commemoration in the standard sweep,
proper/nativity-bvm/commemoration-versicle,7cab1274265d,dormant-policy,This second-class fixed feast is not reduced to a commemoration in the standard sweep,
proper/octave-day-holy-innocents/magnificat-antiphon-first,4bc6a32f5db3,displaced,The fixed January 3 boundary is owned by the higher Christmas-cycle offices,
proper/pentecost-sunday-10/magnificat-antiphon-first,fb6a4a454869,displaced,The month historia antiphon wins whenever this numbered Sunday reaches first Vespers,
proper/pentecost-sunday-11/magnificat-antiphon-first,63019e6133de,displaced,The month historia antiphon wins whenever this numbered Sunday reaches first Vespers,
proper/pentecost-sunday-2/psalm-antiphon-lauds,3f758433113e,shadowed-fallback,The five indexed Lauds sections cover every psalm slot; retain the generic hour-qualified fallback,
proper/pentecost-sunday-9/magnificat-antiphon-first,1f1e2d635bf7,displaced,The month historia antiphon wins whenever this numbered Sunday reaches first Vespers,
proper/quinquagesima/benedictus-antiphon-wednesday,e2d7e86f0e80,displaced,Ash Wednesday always owns the matching Wednesday office,
proper/quinquagesima/magnificat-antiphon-wednesday,08e56ae88560,displaced,Ash Wednesday always owns the matching Wednesday office,
proper/ss-cyril-methodius/magnificat-antiphon-first,060265e3925f,displaced,The fixed July 6 boundary is consistently owned by the preceding higher office,
proper/st-cecilia/magnificat-antiphon-first,a983221f9f12,displaced,The fixed November 21 boundary is owned by second Vespers of the Presentation,
proper/st-gabriel-archangel/benedictus-antiphon,5cfbd1553ee3,dormant-policy,The March 24 full office cannot win against the privileged Lenten feria policy,
proper/st-gabriel-archangel/chapter-lauds,6563874af111,dormant-policy,The March 24 full office cannot win against the privileged Lenten feria policy,
proper/st-gabriel-archangel/chapter-sext,255ae17299db,dormant-policy,The March 24 full office cannot win against the privileged Lenten feria policy,
proper/st-gabriel-archangel/hymn-lauds,54869072b5a6,dormant-policy,The March 24 full office cannot win against the privileged Lenten feria policy,
proper/st-gabriel-archangel/hymn-vespers,b4d371e31105,dormant-policy,The March 24 full office cannot win against the privileged Lenten feria policy,
proper/st-gabriel-archangel/magnificat-antiphon,d9d9085afdd7,dormant-policy,The March 24 full office cannot win against the privileged Lenten feria policy,
proper/st-gabriel-archangel/magnificat-antiphon-first,4f7657de9231,dormant-policy,The March 24 full office cannot win against the privileged Lenten feria policy,
proper/st-gabriel-archangel/psalm-antiphon-1,1ef505713070,dormant-policy,The March 24 full office cannot win against the privileged Lenten feria policy; its commemoration remains reachable,
proper/st-gabriel-archangel/psalm-antiphon-2,05fce8288be3,dormant-policy,The March 24 full office cannot win against the privileged Lenten feria policy; its commemoration remains reachable,
proper/st-gabriel-archangel/psalm-antiphon-3,f490cd2bc614,dormant-policy,The March 24 full office cannot win against the privileged Lenten feria policy; its commemoration remains reachable,
proper/st-gabriel-archangel/psalm-antiphon-4,3216340e071b,dormant-policy,The March 24 full office cannot win against the privileged Lenten feria policy; its commemoration remains reachable,
proper/st-gabriel-archangel/psalm-antiphon-5,8ade3e509ec1,dormant-policy,The March 24 full office cannot win against the privileged Lenten feria policy; its commemoration remains reachable,
proper/vigil-epiphany/hymn-vespers,0b4adf987fd9,dormant-policy,The vigil has no Vespers rights and first Vespers of Epiphany owns January 5 evening,
proper/vigil-epiphany/magnificat-antiphon,158a5e660fa9,dormant-policy,The vigil has no Vespers rights and first Vespers of Epiphany owns January 5 evening,
proper/vigil-epiphany/short-responsory-vespers,c314b1468146,dormant-policy,The vigil has no Vespers rights and first Vespers of Epiphany owns January 5 evening,
proper/vigil-epiphany/versicle-vespers,e2fa7635953e,dormant-policy,The vigil has no Vespers rights and first Vespers of Epiphany owns January 5 evening,
seasonal/advent/magnificat-antiphon-december-21,c31da4331f75,displaced,St Thomas has a feast-specific Magnificat antiphon and always displaces O Oriens on December 21,
shared/formulas/collect-conclusion-through-same-spirit,c3e8144202c8,dormant-policy,No collect currently names the Son mid-text and the Holy Spirit together; the form is kept so XXXIII.4 is representable without a code change,
shared/formulas/collect-conclusion-who-liveth-spirit,20ba82cf9a8d,suppressed,Reached only by the Whit Ember Wednesday collect; the Pentecost octave office suppresses the coincident Whit Ember proper under current local policy,
shared/formulas/collect-conclusion-who-livest-spirit,d7048b38bdf8,dormant-policy,No collect addressed to the Son also names the Holy Spirit; the form is kept so XXXIII.4 is representable without a code change,
